email,dob,salary
zorin.pax1@alpha.example,1954-03-12,74200
mixel.tav2@delta.test,1978-11-25,118500
quaro.lun3@beta.test,1932-07-04,56400
virex.nop4@gamma.test,1991-02-18,93400
kento.sar5@omega.example,1966-09-30,157200
plixo.var6@zeta.test,1945-05-14,48200
revin.kor7@alpha.test,2002-12-01,61200
talon.pex8@delta.example,1984-08-22,103400
firox.lan9@beta.test,1926-01-09,39500
dorin.sax10@gamma.test,1959-06-27,84500
nexo.var11@omega.test,1973-04-15,126000
polin.xer12@zeta.example,1908-10-02,27800
kavor.lin13@alpha.test,1995-07-19,91200
riven.por14@delta.test,1942-03-08,53600
talin.vez15@beta.example,1987-11-03,109800
mexo.quan16@gamma.test,1963-02-21,77400
lorin.sak17@omega.test,1919-09-11,32400
davor.pix18@zeta.test,2005-06-04,58400
falin.vor19@alpha.example,1970-12-29,141500
kerin.max20@delta.test,1951-01-17,66800
navor.lux21@beta.test,1937-08-06,44700
sorin.pax22@gamma.example,1998-04-25,99700
relox.tar23@omega.test,1949-10-14,52300
vilan.sor24@zeta.test,1981-05-09,116400
krix.men25@alpha.test,1923-02-03,35900
dorin.vel26@delta.example,1968-07-27,132000
plax.ron27@beta.test,1993-09-15,88500
zavin.tor28@gamma.test,1904-12-08,21400
mirex.lan29@omega.example,1976-03-19,104700
fexin.var30@zeta.test,1958-06-01,79200
kavor.zen31@alpha.test,1989-01-24,121900
revin.sax32@delta.example,1934-04-13,46800
tavin.lox33@beta.test,2007-11-05,53900
pilor.dax34@gamma.test,1946-07-16,61900
nexor.val35@omega.test,1972-02-28,134500
sorin.pex36@zeta.example,1914-09-07,29600
lavor.min37@alpha.test,1996-05-21,94700
kento.zar38@delta.test,1961-10-30,86200
relox.tan39@beta.example,1983-12-12,110300
mirex.lor40@gamma.test,1929-03-04,41200
davin.sax41@omega.test,1955-08-18,70300
polix.var42@zeta.test,2001-06-09,65800
zaren.kop43@alpha.example,1979-04-27,119600
firox.lun44@delta.test,1939-01-15,48700
navor.pit45@beta.test,1990-09-02,97500
talor.zen46@gamma.example,1967-07-23,144200
rexin.lom47@omega.test,1901-11-11,22100
kavor.tar48@zeta.test,1948-05-05,55800
plin.vex49@alpha.test,1986-02-17,105800
dorin.sar50@delta.example,1974-06-29,128900
mavor.pex51@beta.test,1952-12-20,68900
sorin.lax52@gamma.test,1917-04-06,30700
relin.tor53@omega.example,1994-08-14,92300
fexor.lin54@zeta.test,1964-01-31,81200
kavin.var55@alpha.test,1980-03-22,117700
talon.sax56@delta.example,1921-10-09,34100
nexin.zen57@beta.test,2004-07-02,57200
polor.dax58@gamma.test,1941-05-26,50400
zavor.min59@omega.test,1977-11-16,136400
lorin.tav60@zeta.example,1956-02-04,75900
davin.kor61@alpha.test,1935-09-28,45300
mirex.sor62@delta.test,1992-12-07,89100
kavor.lan63@beta.example,1969-06-13,142300
relox.pex64@gamma.test,1909-01-03,26700
falin.var65@omega.test,1988-04-19,114500
nexor.sax66@zeta.test,1947-08-01,60200
sorin.tor67@alpha.example,1971-10-25,129600
plax.lom68@delta.test,1927-02-12,38100
kento.zen69@beta.test,2000-05-30,67100
revin.dax70@gamma.example,1953-07-09,72600
talin.min71@omega.test,1912-11-18,28400
mavor.tar72@zeta.test,1985-03-06,107400
firox.lax73@alpha.test,1975-09-14,133200
zavin.sax74@delta.example,1943-01-22,53100
navor.pex75@beta.test,1999-04-11,98800
lorin.var76@gamma.test,1962-06-28,85600
dorin.tor77@omega.example,1906-12-04,24300
plin.lan78@zeta.test,1982-07-17,112600
kavor.sor79@alpha.test,1957-02-23,76800
relox.zen80@delta.example,1930-10-15,42900
fexin.kor81@beta.test,2006-01-08,54800
sorin.dax82@gamma.test,1974-05-19,127400
mirex.min83@omega.test,1940-08-27,49300
talor.tar84@zeta.example,1991-11-29,96200
nexor.lax85@alpha.test,1965-03-14,82500
polor.sax86@delta.test,1916-06-02,31500
zavor.pex87@beta.example,1987-09-21,108900
lorin.var88@gamma.test,1950-12-10,66100
kavin.tor89@omega.test,1938-04-05,47200
revin.lan90@zeta.test,1997-07-24,90500
falin.sor91@alpha.example,1978-01-16,120300
davor.zen92@delta.test,1924-05-31,36800
mavor.kor93@beta.test,2003-10-13,59300
sorin.dax94@gamma.example,1960-02-26,79800
plixo.min95@omega.test,1944-06-07,54700
kavor.tar96@zeta.test,1984-08-29,113500
relox.lax97@alpha.test,1910-09-03,25900
firox.sax98@delta.example,1972-12-19,131900
navor.pex99@beta.test,1959-04-24,78200
lorin.var100@gamma.test,1995-06-15,94100
