email, dob, salary
soila.ebert@hand.example, 2001-01-13, 166676
shonta.sporer@rath.example, 2003-10-17, 198068
vance.osinski@conroy-harber.test, 1964-11-25, 109310
mitchell.kuphal@greenholt-sanford.example, 1998-12-21, 61237
rowena.graham@rempel-veum.example, 1978-06-16, 109887
sonny.breitenberg@douglas.test, 1983-02-21, 66470
penelope.casper@leannon.test, 2003-02-02, 53904
franklin.strosin@herzog.test, 2004-08-07, 123018
lolita.miller@harris.example, 2004-10-14, 89784
many.weissnat@gutmann-haag.test, 2001-05-02, 85654
ron.keebler@ernser.example, 1996-06-12, 131156
gabriel.jerde@carroll.example, 1971-03-20, 117741
emmett.mante@zboncak.example, 2004-01-08, 189218
noe.hermann@dietrich.example, 1994-09-12, 125865
marcelene.hand@treutel.example, 1994-01-29, 171048
troy.luettgen@bergstrom.example, 1994-11-30, 100531
melvin.heaney@wisozk-heaney.example, 1986-05-22, 185517
darleen.wyman@leffler.test, 1976-07-07, 53075
jose.king@weissnat.example, 1972-02-14, 142824
madison.little@swift.example, 1999-10-07, 157914
emilio.lind@schroeder.test, 1973-01-05, 141219
tennille.zemlak@wilderman.example, 1973-02-22, 115280
stephaine.waters@gutmann-johnston.test, 1977-12-16, 158821
frederick.pollich@moen.example, 1992-07-04, 183950
george.mann@reinger.test, 1992-10-02, 84649
rubin.williamson@goodwin-daniel.example, 1997-05-01, 189141
phil.balistreri@corkery-barrows.test, 1968-01-22, 75672
sharolyn.kuvalis@moen.example, 1970-03-18, 124476
raphael.graham@okon.test, 1981-06-10, 67881
sang.haley@dubuque.test, 1969-12-30, 84582
jammie.torp@bogan.example, 1980-12-10, 186457
freddy.stamm@mante.test, 1989-11-19, 60895
annalee.davis@bernier.test, 2001-09-23, 57886
emory.glover@bogan.test, 1983-07-10, 85701
shanice.robel@dooley.test, 1999-07-08, 104569
beryl.weber@towne.test, 1983-01-03, 84366
layla.wunsch@dibbert-marks.example, 2001-10-10, 89707
omar.hartmann@abernathy.example, 1984-05-22, 152357
toby.purdy@block.example, 1979-06-02, 82108
eduardo.lowe@bechtelar.test, 1970-10-01, 174786
maria.goodwin@kulas.example, 1971-01-05, 177115
randy.johnson@nader-tromp.test, 2000-11-27, 92963
mathew.ankunding@rutherford.example, 1978-12-16, 112110
casie.roob@daugherty.test, 1966-07-21, 105447
donella.kris@purdy.test, 2001-02-27, 78169
madelene.green@stiedemann.example, 1965-12-24, 141921
quentin.o'hara@johnson.test, 2001-05-04, 170293
rob.mraz@klocko-heaney.test, 2002-04-08, 172935
laurence.jast@grant-kohler.test, 2007-08-25, 66407
angelo.kulas@wiza.test, 1963-01-19, 95464
faith.schultz@becker-kemmer.example, 1992-08-15, 129500
nery.jacobs@block-kirlin.test, 1990-01-14, 85932
mack.kuvalis@purdy-murphy.test, 2001-11-27, 138143
frida.little@bogisich-hoeger.test, 1990-07-03, 177844
maynard.nicolas@block.test, 1982-11-14, 53789
reatha.lueilwitz@kutch.test, 1961-03-20, 153794
laurence.abernathy@thiel-koepp.test, 1990-02-05, 111921
raymon.bogan@haag-bailey.example, 1976-10-07, 81383
carey.emard@beatty.example, 1980-11-05, 159187
dawn.ryan@nienow-gislason.test, 1981-06-10, 159129
roger.feil@mueller.example, 1998-11-07, 168389
gavin.murray@schultz.example, 1991-02-13, 170854
kyle.stanton@zieme.example, 1991-09-05, 103135
kaila.daugherty@collier.test, 1973-12-23, 193352
jc.spinka@senger-mcclure.test, 1983-11-22, 171748
boris.hirthe@halvorson.example, 1981-01-13, 134489
marielle.miller@champlin-rippin.test, 2005-03-25, 93144
mollie.lang@johnson.test, 1968-08-18, 51115
mechelle.doyle@schamberger-hodkiewicz.test, 1992-05-25, 176528
marcia.gulgowski@mayer-hudson.test, 2001-04-04, 166612
suzan.ondricka@gleason.test, 2001-04-08, 94473
robin.cassin@hills.test, 1987-02-23, 83087
tom.gerhold@ohara.test, 1977-04-13, 168353
dwain.langworth@ledner-goldner.test, 1998-02-22, 84574
santa.hane@vonrueden.example, 1986-09-22, 107210
kendall.corkery@williamson.example, 1982-04-08, 163470
fern.lynch@beatty.test, 1967-11-22, 160134
lemuel.koepp@hodkiewicz-braun.test, 1991-08-08, 163339
lucienne.waelchi@quigley.test, 1983-08-21, 111070
kristopher.pacocha@hauck-krajcik.test, 1992-09-05, 142491
lavenia.hyatt@stiedemann.test, 1982-10-26, 149601
laura.mccullough@hoeger.example, 1984-01-23, 193760
brandon.adams@jast-macejkovic.example, 2006-04-07, 152691
colleen.kemmer@cummings.example, 1990-10-28, 111985
angla.metz@connelly-feil.test, 1974-10-22, 63096
torie.wolff@reinger.example, 1996-10-14, 148463
toney.bins@will.example, 1961-02-22, 105049
lahoma.torphy@yost.example, 1975-08-03, 120235
sydney.jerde@considine.test, 2002-01-16, 142532
hipolito.schmitt@thiel-hilll.test, 1991-09-12, 76035
wallace.mcdermott@howell.example, 1989-03-10, 50105
edwardo.frami@beatty.test, 1993-12-05, 191843
rolf.flatley@altenwerth.test, 1991-05-03, 139589
roscoe.kirlin@altenwerth-ortiz.example, 1986-07-27, 141731
lakendra.sawayn@lubowitz.test, 1981-05-23, 166804
shanice.collins@brakus.example, 1978-12-17, 189685
norris.conn@glover-vandervort.test, 1996-08-28, 194418
louisa.christiansen@lind-spinka.example, 1984-01-14, 163757
dong.labadie@reynolds.example, 1992-06-03, 66378
katia.bogisich@trantow.test, 1970-01-25, 75604
ned.mayer@volkman.test, 1973-01-22, 186129
hosea.hills@runte.test, 1970-05-27, 145958
cleotilde.dickens@gislason.example, 1965-06-27, 117514
lucio.rau@towne.example, 1990-09-03, 184039
meghan.powlowski@collier.test, 1981-04-14, 83816
jose.morar@bosco.test, 1988-05-23, 153978
fabiola.lubowitz@ziemann-weissnat.example, 1983-01-01, 93985
brady.krajcik@kunze.test, 1980-02-29, 114405
laureen.kshlerin@wehner-cole.example, 1971-11-16, 64583
weldon.dickinson@toy-lehner.example, 1987-02-12, 137915
clayton.collins@hayes.test, 1994-01-02, 163791
jan.emard@schaefer.example, 1982-08-03, 100755
stephenie.kreiger@kling.example, 1975-06-08, 115284
felton.ernser@roberts-purdy.example, 1965-10-23, 109066
cedrick.o'reilly@prohaska.test, 2005-05-05, 108043
ira.gottlieb@bogisich.test, 1974-09-22, 168222
irwin.stoltenberg@christiansen.test, 1986-04-17, 144621
reggie.schiller@glover.example, 1981-04-22, 83780
bernardo.fahey@spencer-price.test, 1998-09-11, 132692
erik.littel@ortiz.test, 1995-06-01, 191264
luciano.metz@rutherford.test, 2001-08-28, 152479
mimi.sporer@hamill.test, 1970-09-09, 159856
jeramy.huel@rogahn-rutherford.example, 1985-09-03, 63226
teisha.o'reilly@rippin-smitham.test, 1985-04-27, 196267
manuel.dickens@klocko.test, 1974-03-29, 99587
samuel.marvin@rath-satterfield.example, 1996-03-09, 180076
phuong.hodkiewicz@hauck.test, 1968-10-25, 148119
florentino.daniel@romaguera-ruecker.test, 1969-05-24, 109698
kassie.lang@denesik-wyman.test, 1996-04-15, 80038
tanya.kerluke@prohaska-padberg.example, 1998-06-11, 114987
fredric.schuppe@mosciski.example, 1996-05-16, 59223
jayna.klocko@yost.test, 1967-05-12, 130770
wilmer.cruickshank@hamill-howell.test, 1966-09-29, 77841
gavin.volkman@wiegand.test, 1963-07-02, 60857
jamila.yost@mayer.example, 1993-04-20, 189964
caron.weissnat@huels.example, 1976-12-14, 137870
daryl.mcdermott@leannon.test, 1993-08-10, 186247
andria.schimmel@roberts.example, 2006-05-10, 66746
yasuko.sanford@rowe-smith.test, 1966-01-28, 168436
everette.kshlerin@koss.example, 1989-06-24, 187382
carlo.schneider@kautzer.test, 1962-11-03, 80717
harlan.dibbert@nikolaus-watsica.test, 1963-12-12, 110479
elvina.rath@pfannerstill-ritchie.test, 2002-10-23, 110473
ron.braun@koepp-krajcik.example, 1992-11-18, 116686
dale.kirlin@feest.test, 1985-10-05, 129363
josefa.konopelski@johns.test, 1963-06-03, 65890
felton.hessel@fritsch-upton.test, 1983-01-01, 92218
shena.gulgowski@ankunding.test, 1970-09-18, 64386
adan.hirthe@mueller.test, 2000-07-15, 199259
joe.pacocha@padberg.test, 1966-04-20, 175513
shantel.deckow@lueilwitz.example, 1964-04-04, 181330
marcelene.rath@grimes-wisoky.test, 1967-07-07, 184746
nichelle.schumm@wunsch.example, 1963-07-31, 133648
alita.mann@mraz.example, 1971-02-24, 144434
gertude.hermiston@west.test, 1965-10-26, 176214
loretta.schmeler@jones.example, 1980-05-14, 79083
mackenzie.kshlerin@blanda.example, 1994-12-31, 79194
ursula.wehner@tremblay.test, 1997-09-11, 88263
barry.russel@runte.example, 1974-01-04, 129312
quintin.veum@ferry.test, 1989-11-09, 106068
jacob.kunze@kautzer-larkin.example, 1975-09-20, 130701
fae.howell@torphy.example, 1977-05-02, 62077
porter.bahringer@luettgen-schmeler.example, 1965-01-18, 179348
pablo.rippin@mosciski.test, 1983-02-01, 114526
lashay.padberg@gibson.example, 1965-10-04, 165802
irvin.mueller@boyer.test, 2005-01-19, 97202
bernice.friesen@maggio.test, 1974-12-13, 107317
luciana.kautzer@metz-keeling.example, 1994-05-23, 118417
fernando.huel@okon.test, 1996-09-07, 80689
hana.hoppe@ortiz.example, 1967-05-14, 69303
daron.klein@quitzon.test, 1982-06-13, 155456
latoya.marks@haag-erdman.test, 1961-01-17, 150669
michel.volkman@kuvalis.test, 1985-02-19, 55240
xenia.aufderhar@luettgen-feil.test, 1978-02-28, 161279
berta.rowe@kling-wyman.test, 1969-10-16, 100516
gertrudis.reichel@mckenzie.test, 1964-08-20, 166192
gita.kuphal@corwin-huels.test, 2002-05-29, 103958
rolf.gleichner@king.test, 1989-10-21, 175260
eugene.heaney@kuvalis.example, 1969-09-30, 153533
wesley.blick@waelchi.test, 1964-12-10, 103461
joel.morissette@murphy.example, 1999-12-17, 106805
jeffry.beier@glover.test, 2001-10-06, 184606
tommy.mclaughlin@schowalter-volkman.example, 1978-01-15, 98132
elden.cartwright@willms.test, 1964-05-28, 102463
calvin.schmidt@schmeler-gerhold.test, 1972-10-26, 178729
eddie.bashirian@barton.test, 1963-10-05, 89167
stanley.lind@luettgen.example, 2001-05-23, 106331
marc.kassulke@deckow.test, 1989-10-28, 180798
phung.mcclure@fahey.example, 1969-09-13, 87655
patria.von@kihn.example, 1961-02-28, 89888
khalilah.davis@zboncak.example, 1980-03-18, 85107
odell.brekke@waters.example, 1984-06-10, 82156
theodore.howell@leffler.test, 1999-02-23, 94767
howard.dare@stracke.example, 2002-01-17, 137256
jefferey.crist@durgan.test, 1993-11-28, 104728
lindy.johnston@goldner-turner.example, 1981-01-20, 124548
jim.watsica@herzog-rosenbaum.test, 1965-01-22, 83853
charissa.ankunding@kohler.example, 1987-01-11, 53807
melissia.hermiston@satterfield-raynor.example, 1975-03-10, 66711
quinton.dare@luettgen.test, 1982-06-10, 89654
charles.lesch@jakubowski.test, 2004-04-27, 109141
robena.schumm@abbott.example, 1996-03-03, 197244
darrell.kris@west-kihn.test, 1993-08-21, 191767
kimberley.lynch@mueller.example, 1992-05-09, 149533
darnell.quitzon@strosin-wolf.test, 1991-01-31, 159318
isidro.dooley@armstrong.test, 2001-04-13, 148209
cameron.zieme@gutmann-keeling.example, 1999-09-30, 148760
eugene.schmidt@block.test, 1972-07-29, 100087
daren.mayer@konopelski.example, 1968-11-17, 83136
apolonia.kling@hettinger.test, 1988-11-03, 52803
william.stark@schumm.example, 1970-11-17, 85255
minh.beatty@kessler.example, 1972-01-05, 88632
virgilio.bayer@christiansen-ohara.test, 1964-08-03, 75509
albert.rodriguez@fisher.test, 1965-10-14, 127873
lamar.hyatt@prohaska-walter.example, 1961-05-04, 172898
angelique.hane@botsford.example, 1981-02-19, 145448
lincoln.hartmann@crona.test, 2005-02-24, 59826
zack.ortiz@grady.test, 1987-06-29, 154275
junior.altenwerth@feeney-abbott.example, 2006-07-13, 57382
hollis.ullrich@rohan-hintz.example, 1964-07-07, 154835
carlota.dooley@renner-schiller.example, 1993-01-16, 107380
robert.hartmann@connelly-langworth.test, 1987-07-20, 146556
dwayne.pfannerstill@kihn.example, 1983-09-19, 57169
marylou.fisher@schultz.example, 1995-02-16, 149333
reatha.stracke@wuckert-kuvalis.test, 1966-05-02, 199275
verlene.renner@gusikowski.test, 1997-10-17, 185245
cecily.volkman@koepp.test, 1983-02-12, 144015
hannelore.dubuque@johnston-cronin.example, 1964-06-17, 77914
scott.reichert@miller.test, 1982-06-23, 133932
landon.bergstrom@aufderhar.example, 1997-10-05, 98576
grant.rippin@mayer.example, 1984-09-11, 160499
leoma.schmitt@stiedemann.test, 1964-06-17, 137009
haywood.kshlerin@sauer.example, 2007-08-30, 93878
edwardo.ritchie@bednar.test, 1989-01-13, 88214
samual.hintz@lockman.test, 2007-04-28, 87233
lindsey.tremblay@keebler-beier.example, 1979-03-02, 118485
lloyd.crooks@smith.example, 1976-05-25, 51746
abdul.osinski@oconnell.test, 2005-07-01, 82872
leslie.o'kon@rowe.test, 1986-06-16, 72776
antone.von@schaden.test, 1978-03-30, 160892
twanda.bradtke@murphy.test, 1978-08-30, 53096
johnny.kassulke@lesch.test, 1984-12-21, 55960
jacinto.kunze@stehr-mclaughlin.example, 1979-02-16, 66819
ester.hoeger@orn.example, 1973-05-08, 157828
berry.marks@oreilly.test, 1975-12-05, 182702
jasper.schmitt@block.test, 1975-02-15, 140151
horace.rosenbaum@kemmer.test, 2006-11-22, 159577
cletus.koepp@douglas.test, 1996-10-08, 126489
harland.rempel@hilpert.test, 1978-09-03, 66922
donette.hamill@willms.example, 2001-09-27, 88915
loyce.huel@deckow.example, 1969-06-05, 133539
gia.harvey@welch.example, 2004-04-17, 57454
herbert.raynor@nitzsche-schultz.test, 1967-04-15, 86248
katherine.oberbrunner@deckow-kuhn.test, 1985-04-23, 106479
sean.renner@wuckert.example, 1964-03-02, 84449
troy.roob@corkery.test, 1978-03-22, 199454
wilbert.russel@emard-gutmann.example, 2002-08-26, 72876
royce.zboncak@green.test, 1992-09-08, 70882
leslee.o'hara@ankunding-hodkiewicz.example, 1987-03-27, 113656
jenny.koepp@quigley-okuneva.test, 1992-04-27, 158972
lessie.purdy@schmeler.test, 1960-12-29, 105896
stanton.little@strosin-ullrich.example, 1993-11-05, 92799
alverta.purdy@schmidt.example, 1998-09-27, 115974
jeannetta.mills@flatley.example, 1999-04-27, 71019
olevia.hoeger@kohler-kozey.example, 1963-11-04, 199207
genoveva.schultz@fay-rodriguez.example, 2004-11-08, 166158
jeromy.satterfield@murazik-herzog.example, 2006-08-09, 85341
arlyne.weimann@mueller.example, 1975-04-20, 133227
willette.windler@ortiz.test, 1961-10-08, 156875
jannie.kerluke@roberts.example, 1989-12-09, 137926
rosendo.bode@casper.example, 1996-01-16, 129804
alice.lockman@jast.test, 1977-04-02, 173967
genevie.gottlieb@simonis.example, 1968-09-30, 189577
timmy.kshlerin@upton.test, 1963-10-06, 181177
connie.tremblay@rau-luettgen.example, 1982-09-27, 188486
grisel.o'reilly@mckenzie.test, 1963-03-04, 112307
sabine.jacobi@stanton.test, 1961-08-10, 169682
sheldon.gibson@kulas.test, 1987-10-26, 62946
aurore.gerlach@fahey.example, 1981-11-18, 122643
benny.hoppe@price.test, 1980-01-23, 62950
dana.schaden@reichel.test, 1970-06-30, 50481
roderick.johns@hammes.example, 1980-01-11, 85532
lorena.wilkinson@kutch-flatley.test, 2004-11-05, 89078
donald.streich@kessler.test, 1987-12-31, 145287
dennis.welch@ernser.example, 1993-09-18, 143026
simon.marvin@bailey.test, 1987-02-18, 80396
sharika.koepp@gutmann-torphy.test, 2000-11-29, 66790
nola.koss@kling.example, 1994-06-29, 122438
krystina.roob@huel-herman.example, 2000-11-17, 141260
julianne.fritsch@labadie.example, 1975-02-27, 91193
dudley.turcotte@schimmel.example, 2004-06-13, 57953
german.goyette@padberg-schamberger.example, 1974-02-20, 89938
clarence.fadel@huel-lynch.example, 1964-12-10, 174203
rosa.stehr@kris-kautzer.example, 1996-10-07, 150044
cleveland.carroll@barrows-moore.test, 1963-11-26, 199526
marquetta.glover@gulgowski-lockman.test, 1996-12-23, 141923
kum.barton@wolf-leffler.example, 1994-06-03, 90857
margarett.crist@white-cummings.test, 1962-02-26, 105831
ezequiel.price@kulas.test, 2002-08-10, 144911
lenita.keebler@gusikowski-wolf.example, 1976-09-18, 82880
brett.ortiz@fahey.example, 1994-05-10, 186636
marty.anderson@cruickshank.test, 1971-11-29, 144463
riva.jenkins@torp.example, 1987-02-25, 82477
russel.morissette@gutmann-beatty.test, 1982-06-22, 71234
lucretia.waters@breitenberg.example, 1991-11-07, 53776
felicita.pfannerstill@huel.example, 1977-01-22, 193033
reinaldo.smitham@hessel.example, 1971-08-30, 171423
jeneva.dietrich@franecki.example, 1974-12-22, 140695
kendall.wolff@smith-cronin.test, 1971-04-10, 168022
emilee.ryan@leffler.test, 1970-04-10, 129825
adolfo.gusikowski@johnson.test, 1964-11-01, 180469
evonne.konopelski@hills.test, 1961-11-16, 106241
manuel.haley@cremin-bins.example, 2005-07-25, 98752
jessia.welch@bosco.test, 1969-09-16, 128315
tiera.cartwright@hamill-stiedemann.test, 1965-12-09, 186043
brittaney.wilkinson@jast.example, 1969-05-06, 174183
maryrose.bartell@gleason-jacobs.test, 1989-10-22, 59857
willis.hackett@schiller.example, 1967-12-19, 121400
hal.stokes@fisher-huels.test, 1984-08-30, 73335
chadwick.brown@renner.example, 2000-10-19, 136320
salvador.orn@koch.example, 1983-09-02, 86635
shalon.rodriguez@vandervort.test, 1967-08-31, 106843
bernard.waters@ortiz.test, 1968-02-20, 186559
debbra.romaguera@hermiston-feeney.test, 1978-05-23, 120220
imogene.conn@kuvalis.test, 1969-09-19, 91841
valentine.effertz@bahringer.test, 1965-05-23, 110406
fredrick.gulgowski@lemke.test, 1983-03-19, 192690
kerry.klocko@lowe.test, 1977-12-05, 155277
teena.goldner@barton.example, 2000-10-17, 138633
hollis.reynolds@hudson-flatley.example, 2003-08-14, 101769
johna.wyman@cremin.test, 1978-11-28, 103063
jaime.kuhlman@franecki-lemke.test, 2000-04-22, 146125
oscar.king@heidenreich.example, 1963-03-23, 113610
nathan.bogisich@harber.test, 1984-09-14, 53960
theressa.roberts@ankunding-williamson.example, 1992-02-17, 131296
tracey.sporer@pfeffer.example, 1997-03-15, 108445
raphael.bogisich@lind.example, 1987-09-03, 137988
adam.reynolds@durgan.test, 1986-02-20, 137651
irvin.kuhlman@willms.example, 1967-06-15, 70840
nicolas.spinka@bailey.example, 1965-06-29, 135436
verline.cruickshank@donnelly.test, 1979-12-16, 160866
reanna.skiles@franecki.test, 1985-08-02, 69039
terry.paucek@schmitt-kihn.test, 1993-04-12, 187593
dori.dickinson@howe.example, 1989-06-02, 191659
jacquiline.goldner@roberts.example, 1990-11-11, 137384
ellie.wehner@kuhn.example, 1978-03-23, 129621
bradley.schamberger@bauch.test, 1965-08-19, 52756
darin.durgan@gorczany.example, 1975-01-13, 159428
piper.schimmel@feil-conn.test, 1964-10-31, 58787
josiah.kuvalis@kuhic-hand.test, 2000-02-22, 98561
matha.jerde@schoen.test, 1995-09-22, 71656
randy.franecki@daugherty.example, 1964-08-11, 178641
gregorio.bergnaum@kuvalis-corwin.example, 1965-02-25, 106627
robbi.johns@mante.example, 1971-02-09, 55245
charles.sawayn@durgan-boyer.test, 1985-03-28, 152804
markus.franecki@stehr.example, 1976-06-27, 127317
timothy.gorczany@herman.example, 1975-10-20, 129609
cuc.klein@heller-lemke.example, 1974-08-17, 180501
hoyt.cummings@orn.test, 1981-08-25, 84890
donte.conroy@mccullough.test, 1979-07-08, 140961
alaina.greenfelder@beahan-ernser.example, 2006-01-09, 194364
rosita.conroy@jones.test, 1972-11-23, 107843
frida.walsh@mraz.test, 1980-07-14, 59850
josette.feest@hilll.example, 1972-06-09, 51250
milo.kling@cassin-bauch.example, 2001-09-23, 129402
tricia.reichel@pagac.test, 1970-09-06, 65851
santa.beahan@shields.test, 1978-05-10, 116209
esteban.altenwerth@hickle.example, 1980-07-23, 88117
louis.lueilwitz@kovacek.example, 1961-12-30, 68065
garrett.macejkovic@swift-stoltenberg.test, 1989-05-25, 176661
wallace.wilkinson@bergnaum.test, 1998-02-23, 93317
bennett.blick@wintheiser.example, 1977-07-28, 139266
ronald.kovacek@crona.test, 1973-08-09, 57210
tony.hane@heaney-mueller.example, 1970-06-30, 82240
denver.turner@moen-murray.example, 2000-04-20, 127655
ulysses.kub@keebler-murray.test, 1998-11-29, 53045
garret.spencer@williamson.test, 1986-05-28, 98661
brynn.collier@jenkins-schamberger.test, 1976-09-29, 168067
kelvin.larson@christiansen.example, 1968-03-27, 68229
lorriane.wyman@witting.example, 2001-04-19, 127121
jeremy.stoltenberg@wisoky-morissette.test, 1972-06-30, 66026
desmond.heathcote@jacobson.example, 1977-07-05, 89362
luther.kuphal@wisoky.example, 1985-10-23, 94957
yasmine.corwin@luettgen-donnelly.example, 1964-05-11, 87974
guillermina.d'amore@heathcote.example, 1994-07-25, 50543
norbert.gottlieb@wolf.example, 1991-08-26, 94459
dustin.mayer@lueilwitz.example, 1981-01-09, 55277
percy.gerlach@olson-strosin.test, 1998-03-19, 165518
tamika.schroeder@king.example, 1993-10-22, 50072
prince.toy@wuckert-grady.example, 1985-06-07, 158560
trent.bauch@larkin.test, 1963-04-05, 132113
catalina.hansen@beier.test, 1964-07-07, 103986
liz.mclaughlin@oreilly.test, 2002-10-06, 121434
wm.murray@moore-pacocha.test, 1977-06-08, 159241
deb.lindgren@heathcote-quigley.test, 1990-02-11, 183073
racquel.stokes@huel.example, 1999-04-05, 170072
enedina.miller@reinger.example, 1971-01-21, 147215
elvis.hane@botsford-okon.test, 1996-01-06, 138446
meridith.block@kerluke.example, 1970-11-12, 172679
elizabeth.dach@lynch.example, 1976-11-01, 183087
digna.mckenzie@schamberger.example, 1973-12-15, 98768
kenneth.murray@feeney-hammes.test, 1969-08-31, 81205
spring.kihn@hessel-weber.example, 2003-11-30, 189578
orlando.hagenes@carroll.test, 2003-11-13, 90568
geoffrey.denesik@brown.example, 1982-01-20, 109378
malcolm.morissette@leuschke-bechtelar.example, 2007-03-11, 83539
trevor.collier@larkin.example, 1990-01-15, 128754
randee.tillman@boyer-nader.test, 1995-06-20, 152234
liberty.mcdermott@lockman.example, 1976-08-13, 159802
paul.wolf@gerhold-quigley.test, 1996-01-28, 180002
carlos.kovacek@mills.test, 1974-04-09, 184258
trang.skiles@gislason-satterfield.test, 1994-10-31, 182147
nichelle.ankunding@stiedemann-nicolas.example, 1973-01-24, 152797
margrett.ryan@abernathy-padberg.example, 1975-06-04, 155458
carlos.hessel@cassin-bergnaum.test, 1973-05-05, 100927
janeth.kerluke@altenwerth.test, 1997-11-02, 161986
lanny.dickinson@predovic-smitham.test, 1974-09-06, 137261
denver.towne@schneider.test, 1999-09-24, 141422
asa.krajcik@bartell.example, 1983-01-31, 68944
janita.stamm@krajcik.test, 1989-01-10, 112982
issac.gerlach@bins-rolfson.example, 1978-07-07, 148027
tambra.bahringer@dach.example, 1974-02-05, 50064
sofia.balistreri@hartmann.test, 2001-07-13, 58815
brigitte.welch@botsford-hilpert.test, 1983-10-20, 155115
samira.abernathy@hackett.test, 1992-03-04, 91298
rubi.bartoletti@jacobs.test, 2001-01-26, 120598
al.mueller@hackett.example, 1982-06-01, 126764
michell.flatley@hane.example, 1968-01-06, 191899
shirley.oberbrunner@mosciski.test, 1962-12-01, 86342
rubi.kuhlman@prohaska-lueilwitz.example, 1996-06-06, 57021
stan.kuphal@blanda-predovic.test, 1983-06-15, 150964
simona.moore@welch-okon.test, 1961-01-19, 93989
mariel.johns@ortiz.test, 1968-12-28, 72979
quinton.purdy@morissette.test, 1992-03-01, 68067
michele.o'reilly@brekke.test, 1970-05-11, 163977
tiera.waters@nitzsche.test, 1978-03-27, 199749
beverly.schultz@conroy.example, 1981-02-28, 50293
roscoe.hand@king.example, 1982-08-02, 115629
delmy.swaniawski@thompson.test, 1983-09-08, 111638
dalene.erdman@gleichner.example, 1971-05-22, 170255
reuben.wisoky@dibbert-spencer.example, 1996-01-03, 131257
sima.kessler@kessler-treutel.test, 1999-12-21, 62391
jae.wunsch@fisher.example, 1981-02-06, 179104
mack.auer@ryan.example, 1987-02-27, 66685
edmundo.greenfelder@ferry.test, 1981-10-06, 67938
emelda.schmitt@murray.example, 1982-05-13, 156290
nickole.oberbrunner@legros-fadel.test, 1964-01-22, 154027
samual.walter@hegmann-kessler.example, 1965-12-04, 70699
tanisha.ledner@mueller.test, 1973-04-02, 82277
janita.roob@fritsch.test, 1977-05-19, 185809
romona.waelchi@gerhold.example, 1976-11-04, 130957
lorna.ritchie@nikolaus-franecki.test, 1999-05-17, 195985
janise.huel@bruen-glover.test, 1988-11-22, 162660
erick.swaniawski@howell-bogisich.example, 2005-04-10, 115968
logan.cummerata@feil.example, 1967-08-26, 176146
daphne.brekke@stanton.example, 1983-08-16, 123888
normand.cassin@keebler.test, 1995-11-12, 194239
jarred.o'hara@hintz.example, 1967-11-04, 81947
bret.hickle@okuneva.example, 1961-03-02, 156996
mitchel.johnston@lakin-kunde.example, 1972-05-01, 91092
alphonso.donnelly@reichel.example, 1982-12-20, 99909
daniella.rempel@ritchie-quigley.test, 1961-02-01, 60536
keesha.marks@white.example, 1967-07-28, 65181
francis.jakubowski@mann-smitham.test, 1961-11-16, 128250
fritz.donnelly@batz-howell.example, 1970-06-28, 194366
eldora.lockman@dibbert.example, 2007-03-09, 138079
shirley.gorczany@hoppe.test, 1994-06-02, 162805
willard.huels@rice.test, 1966-02-16, 187043
huey.barton@satterfield-ward.example, 1968-05-01, 128567
mervin.ernser@stracke.example, 1966-03-23, 55295
willis.bahringer@ward.test, 1989-11-17, 110117
shizuko.mcclure@klein.example, 1971-07-20, 173721
carlos.wyman@lynch-bailey.example, 1974-06-24, 106407
jinny.brekke@connelly.example, 1985-02-28, 179300
vince.gusikowski@hand-turner.test, 1984-06-29, 96925
leora.block@hoppe-mcdermott.example, 1968-09-11, 53525
berneice.quigley@schuppe.test, 1963-07-27, 123147
estelle.emard@skiles.test, 1988-05-16, 85550
normand.pacocha@cronin.example, 1980-11-28, 197875
domonique.bashirian@strosin.test, 1976-02-19, 197395
olevia.kuvalis@considine.example, 2004-03-21, 183766
vernon.romaguera@blick.test, 1990-06-17, 164506
erna.o'hara@turner-rowe.example, 1969-01-08, 198081
arlena.dare@toy.example, 2002-07-05, 52635
cindi.runolfsdottir@schaefer.example, 1990-04-02, 161437
perry.dickinson@parisian-kertzmann.example, 1984-02-15, 128084
isiah.rogahn@lubowitz.test, 2002-10-06, 137540
pasquale.graham@schuster-boyer.test, 1982-03-22, 52422
mitchell.jacobson@ratke-kilback.example, 1996-07-08, 84495
colin.kunde@morissette.example, 1988-01-14, 159564
harvey.nitzsche@koss-veum.test, 1990-12-30, 160335
america.wilkinson@cole-bechtelar.example, 1984-11-17, 114016
kelly.schmitt@walker.test, 1983-05-05, 89040
trent.carroll@rice.test, 1983-11-25, 54991
verlie.waelchi@bins-okuneva.example, 1965-09-06, 187872
vanda.flatley@schmeler.test, 1994-09-02, 182228
cassaundra.swaniawski@cremin.example, 1988-11-03, 116902
porter.bins@ferry.test, 1989-05-06, 193194
cecila.denesik@hagenes.example, 1990-06-18, 190478
maria.bauch@ohara.example, 1975-12-16, 121419
sammie.blanda@hand-funk.test, 2001-03-21, 80687
chin.brakus@kuhn-cummerata.example, 1961-10-16, 123198
tyron.keebler@hodkiewicz-heidenreich.example, 1981-11-16, 145946
isiah.stoltenberg@ziemann.example, 1967-11-18, 180500
jesse.bins@smitham.example, 2000-01-26, 103717
zelda.ledner@kerluke-mclaughlin.test, 1989-04-19, 84313
alyssa.runolfsson@russel.test, 1976-10-06, 120383
milda.abshire@mclaughlin.test, 1965-06-06, 122747
jolanda.monahan@anderson-nitzsche.test, 1965-03-05, 124492
loyd.mcglynn@olson.test, 1962-05-16, 89331
lewis.conroy@zemlak-schaden.example, 1965-11-08, 152606
ruben.murazik@goyette.example, 1972-12-17, 82905
ladawn.mills@gerlach.test, 1998-07-29, 182447
wesley.schamberger@hoeger.test, 2005-01-03, 193714
albina.bradtke@jacobi.example, 1964-09-17, 113996
january.smitham@jacobs-beier.test, 1975-01-16, 157175
un.schmidt@larkin-durgan.example, 1971-11-23, 132648
jesse.mills@paucek.example, 1993-08-02, 66200
clementina.spencer@yost.example, 1969-06-07, 116933
krystal.shanahan@rippin.example, 1994-12-05, 150261
danelle.balistreri@wisoky.test, 1962-11-21, 96665
kimbery.ryan@gorczany.test, 1968-01-04, 156801
alma.wisoky@bailey.example, 1979-11-26, 118139
dillon.block@ortiz-carroll.test, 2003-11-13, 101133
terence.grady@raynor.example, 1991-01-20, 168872
shannon.herman@grimes.example, 1979-12-18, 142821
soledad.ortiz@balistreri-gusikowski.test, 1987-06-04, 74376
cira.huel@dietrich-watsica.example, 1963-02-13, 146444
michal.predovic@wilderman-brekke.test, 1987-02-21, 120914
gregorio.kautzer@spinka-conroy.example, 1973-12-03, 85050
hue.nitzsche@stoltenberg-frami.test, 1999-04-13, 99298
lon.corwin@daugherty.example, 1971-04-25, 176011
rafael.wilkinson@mosciski.example, 2000-08-17, 85891
tad.parker@nikolaus-hane.example, 1988-08-11, 155057
normand.gerlach@howe-gibson.test, 1971-10-19, 155170
sharda.herman@wyman.test, 1969-05-06, 161090
chasidy.bogan@borer-denesik.test, 1992-02-23, 137341
jose.o'connell@maggio-marks.test, 2005-07-27, 101959
harold.shanahan@lindgren.example, 1992-04-24, 72962
chantay.torphy@terry.test, 1963-12-30, 84116
rubye.kunze@von.example, 1991-09-06, 62537
forest.howe@schumm-damore.example, 2002-03-19, 123227
shaniqua.auer@fay.test, 1964-04-02, 153501
erwin.mitchell@lueilwitz-schmitt.example, 1983-03-05, 50122
jacinto.wisoky@ryan.example, 1977-02-10, 90716
frederick.purdy@thompson.test, 2005-12-18, 68006
carlton.hoeger@reichert.test, 2005-01-15, 70033
jed.jacobi@sporer.example, 1993-02-27, 149479
ike.pacocha@farrell.test, 1989-03-01, 195755
rogelio.mills@beahan.example, 1970-07-02, 180045
toney.swift@jaskolski.test, 1968-11-12, 154600
luis.skiles@frami.example, 1975-12-29, 166930
millie.veum@waelchi.test, 1980-10-18, 79447
tuan.hyatt@lynch.test, 1985-04-19, 99944
idell.wiza@pfeffer.test, 1982-03-31, 182948
bennett.batz@zboncak-haag.test, 1984-08-28, 91638
harris.batz@upton.test, 1992-10-12, 161393
lyman.kuhn@gottlieb.example, 1981-12-28, 180962
allan.murphy@brekke.example, 1987-06-14, 54323
reta.jacobi@kub.test, 1987-02-05, 166892
tomas.price@larkin.example, 1967-10-04, 77812
jarrett.keeling@ferry.test, 1983-12-27, 191674
arlie.kautzer@kuhlman.test, 1964-09-30, 105520
josefina.trantow@doyle-flatley.test, 1987-08-30, 85915
berneice.heaney@mclaughlin-vonrueden.test, 1995-04-05, 70221
riley.murazik@hand-zboncak.test, 1988-12-16, 144708
lindsay.sauer@glover.test, 2006-03-08, 111172
mayola.bauch@schaden.test, 1989-02-27, 179274
terrance.swift@russel.test, 1975-10-24, 54605
margareta.koch@schmeler.example, 1975-10-22, 51133
jamey.waters@kovacek.example, 1978-12-28, 74900
charles.larkin@kutch.test, 1981-03-03, 65916
brady.carroll@keebler.test, 1976-11-19, 73372
gisela.graham@beatty.example, 1987-06-06, 154489
don.ziemann@cummings.example, 1997-12-09, 150931
inez.smith@hahn-spinka.test, 1981-09-09, 136713
kristi.mclaughlin@rutherford.example, 1967-10-23, 140499
sylvester.quigley@schumm.example, 2005-01-12, 156244
mariana.dach@will.test, 1965-05-31, 105864
hermine.flatley@satterfield.example, 1986-12-19, 199484
noe.west@abernathy.example, 1969-04-07, 107084
margert.rice@ernser-bradtke.test, 1981-04-28, 77779
ricki.gottlieb@shields-reynolds.example, 2001-10-15, 102209
sabra.hettinger@pagac.test, 1986-09-09, 161861
harland.weber@nienow.example, 1984-10-18, 154505
randolph.moen@ohara-streich.example, 1989-07-04, 75134
romeo.bayer@bergstrom.example, 1972-07-17, 171937
sumiko.koch@keeling-schuppe.test, 1962-11-25, 63979
jeffery.schamberger@waelchi.test, 1998-11-20, 69680
orville.fisher@simonis-dickens.example, 1964-02-29, 67231
sacha.graham@hamill.test, 1965-08-16, 104076
yulanda.cassin@sipes.example, 1971-09-22, 129094
kristofer.greenholt@denesik.test, 2001-12-22, 53695
shawnda.koepp@reilly.example, 1984-12-28, 174655
ariel.rogahn@goyette-littel.test, 1998-05-23, 189680
augustine.bradtke@kirlin.test, 1996-04-01, 154436
venice.renner@nikolaus-purdy.example, 1972-01-14, 73680
jessi.mayert@breitenberg.test, 1971-04-03, 101224
jazmine.metz@roob-reichel.test, 1991-05-21, 123147
lieselotte.sawayn@raynor.example, 1978-02-06, 183486
dalton.rempel@beer-schmidt.test, 2002-02-02, 82113
errol.bogan@monahan.example, 2001-06-19, 169928
chun.lemke@boehm.test, 1980-08-25, 85081
mickey.hayes@klocko-williamson.example, 2002-10-27, 182454
earlene.hettinger@aufderhar.test, 1966-03-06, 151227
julieann.greenholt@kessler.example, 1968-05-16, 143774
tad.koepp@abernathy-adams.test, 1979-12-26, 187401
ludivina.wilkinson@reichert.example, 1997-08-02, 101315
shauna.ebert@osinski.test, 1986-01-12, 157737
marvin.mann@cole-keebler.example, 2007-02-06, 178567
andree.romaguera@johnson-jerde.example, 1961-11-29, 69621
kirby.bernhard@hegmann.example, 1996-05-08, 141219
roy.koch@zulauf-braun.test, 1983-03-01, 194218
matthew.parisian@beatty.test, 1973-02-09, 193534
ebonie.dooley@runolfsson.example, 1973-09-26, 128538
chester.ankunding@denesik-ritchie.example, 1961-07-22, 135969
antonio.schroeder@ryan-crona.test, 1968-02-25, 118459
gracia.nicolas@gerhold-homenick.example, 1983-07-28, 166488
meridith.hand@heaney.test, 1973-03-09, 52821
tu.johnson@schmeler.example, 1973-06-13, 159512
emilio.emard@goldner-bergstrom.test, 1982-01-18, 57209
marcus.carter@sanford.example, 1983-10-05, 122819
jonathon.macgyver@smitham.example, 1985-03-23, 57419
abbey.stehr@koepp-stamm.example, 2000-07-18, 63165
sarah.konopelski@windler.example, 1974-06-15, 163274
lacresha.cormier@rice-doyle.test, 1989-05-12, 81516
garland.ebert@oconnell.test, 1975-11-16, 109743
evan.bednar@ankunding-gleason.example, 1974-05-07, 54368
coralee.walker@spinka.test, 1972-07-28, 90495
javier.rosenbaum@watsica.example, 1966-02-10, 165575
gerry.beahan@marks-kunze.example, 1979-06-10, 71331
leroy.borer@sporer.example, 1992-04-20, 76202
georgeann.schulist@gulgowski.test, 1995-10-30, 111872
jena.prosacco@hirthe.example, 2005-03-12, 123478
blair.schmitt@tillman-ortiz.example, 1992-05-13, 53996
venus.huels@romaguera.test, 1991-02-19, 178405
mirtha.yundt@gutmann.test, 1998-05-08, 125918
junita.bergnaum@funk.example, 1987-02-15, 91107
rosendo.mante@ziemann.example, 1976-11-28, 108938
stuart.adams@rutherford.test, 2007-10-10, 55081
ardis.konopelski@buckridge.test, 1976-05-13, 138447
eddie.glover@dickinson.example, 1964-08-06, 79800
jermaine.flatley@legros.example, 1973-09-12, 83493
harry.nader@cronin.example, 1992-12-22, 67192
armando.cummings@ritchie-schmeler.example, 1995-12-09, 114927
whitney.kling@dach-langosh.example, 1981-05-12, 184538
bertram.herman@johnson.example, 1991-05-22, 50472
russ.harber@brakus.test, 1976-10-23, 61467
tyler.crooks@hahn.test, 1975-10-21, 50639
savannah.beahan@baumbach-maggio.example, 1979-06-05, 60034
wilbert.walker@hessel.test, 1999-12-19, 172333
lesha.mills@larkin.example, 1984-10-31, 176191
vanesa.hagenes@towne.example, 2001-09-19, 109868
hilario.farrell@barton.example, 1986-01-16, 159744
steven.bahringer@yost.example, 1991-08-06, 123516
leon.roberts@lebsack.example, 1965-08-23, 124422
numbers.effertz@rolfson.example, 1995-06-25, 169453
berry.upton@runolfsdottir.test, 1984-09-23, 88608
martha.kuphal@lebsack.example, 1966-07-20, 66596
quintin.schmeler@reichel.example, 1974-10-18, 126777
winford.douglas@bernier.test, 2005-01-24, 198968
winfred.zulauf@ullrich.example, 1981-08-13, 99931
valery.lubowitz@pacocha-robel.example, 1976-05-28, 62404
bennie.christiansen@botsford.test, 2001-11-10, 129172
jaclyn.strosin@kling.test, 2003-03-10, 162530
jay.zieme@morissette.test, 1964-05-08, 161003
king.heidenreich@zulauf-bailey.example, 1963-11-24, 68652
lasonya.daugherty@green-bauch.test, 2000-06-28, 100848
merrill.hegmann@lehner-pollich.test, 2007-01-20, 55097
bryon.kessler@parisian.test, 2003-03-29, 98999
season.kuhlman@prosacco.example, 1997-07-25, 96160
lauran.douglas@gleichner.example, 1983-06-08, 137946
corey.bogan@bailey.example, 1962-05-30, 159451
estrella.steuber@ruecker.test, 1979-09-27, 172391
lorretta.lockman@reichel.test, 1964-11-12, 119147
julio.lynch@hegmann.test, 1998-10-24, 102427
ruthann.harvey@white.test, 2000-05-10, 170934
scottie.bosco@hessel.test, 1962-07-22, 101672
tessie.runolfsson@mcclure.test, 1993-10-10, 103856
rosaline.harber@daugherty.test, 1970-10-11, 98032
denny.pfeffer@heathcote.test, 1992-02-12, 56446
cleo.runolfsson@sipes.test, 1972-11-16, 151727
harrison.jones@kub.test, 1966-06-07, 160411
alyson.mills@cole-deckow.test, 1982-05-29, 93612
arthur.howe@kuhn.test, 1964-11-16, 101036
charlsie.sauer@oreilly-padberg.example, 1973-01-01, 149780
sherilyn.treutel@walker.example, 1973-11-11, 67355
regena.marvin@vandervort.example, 1994-06-30, 156788
marcel.bahringer@gleason.example, 1976-05-06, 167135
adolph.nikolaus@schaefer.test, 2000-04-26, 64231
leesa.ullrich@feest.example, 1970-03-23, 110254
kasey.adams@durgan-ebert.example, 1992-10-18, 160565
erika.kuhn@halvorson.example, 1982-09-13, 175620
devin.dare@johnston.example, 1972-08-24, 144570
barton.spinka@leuschke-howell.test, 1982-06-01, 80631
fleta.hahn@schmeler-dietrich.test, 1992-03-28, 163896
shery.streich@turner-beer.test, 1984-07-03, 129787
mickie.koss@renner.test, 1974-02-17, 150421
jefferson.franecki@casper.example, 1960-12-10, 174059
allena.schiller@schumm.test, 1974-06-11, 130043
georgeanna.wolf@dickens.test, 1976-04-21, 121187
myrtle.stanton@kiehn.test, 1969-07-17, 141384
emmitt.rutherford@durgan.example, 1991-01-29, 66859
nydia.barrows@leffler.test, 1999-11-27, 191469
augustine.kuhic@emmerich.test, 2002-02-04, 129138
madison.nolan@schmidt-steuber.test, 1994-05-20, 184647
keeley.carroll@conroy.test, 1982-07-03, 137382
mauro.dicki@sporer.test, 1997-04-06, 157221
maryann.bosco@muller-haley.test, 1973-05-10, 105027
ricardo.medhurst@raynor-pouros.test, 1968-02-03, 143153
grady.orn@gerlach.test, 1965-03-09, 165898
jamey.strosin@schuppe-skiles.test, 1975-12-19, 174284
sidney.flatley@heathcote.test, 2005-07-15, 92761
jamey.rippin@cremin-kub.test, 1998-06-27, 154030
aurea.jacobs@prosacco.test, 1967-11-09, 124261
felisha.fisher@maggio.test, 1997-06-04, 192971
breana.sawayn@kunde-sanford.example, 2002-01-08, 194894
phung.schultz@legros-ziemann.test, 1990-07-06, 137115
gerardo.buckridge@trantow-tremblay.test, 1988-09-07, 188797
dean.cremin@rolfson-moore.test, 1981-10-26, 131677
shanon.franecki@nikolaus.example, 1969-01-02, 123517
nguyet.fadel@hayes.example, 1993-10-12, 58918
marketta.jones@wilkinson.test, 1964-12-01, 82547
cesar.quigley@marquardt.test, 1978-04-17, 97745
camila.ankunding@stoltenberg.example, 1997-09-30, 113687
jefferson.wiza@labadie-wolff.test, 1969-03-25, 51299
sheryl.cassin@legros.test, 1993-12-31, 187400
valery.mraz@nitzsche.test, 2006-08-26, 63528
robby.johns@nicolas.example, 2007-09-11, 116012
millard.feeney@jerde-ferry.test, 1984-03-27, 60094
bill.fahey@leannon.test, 1985-12-19, 105701
branden.cummerata@gleason-stark.example, 1976-04-08, 134928
bryon.kris@hoppe.test, 2006-03-08, 88960
chandra.kris@hansen.test, 2004-03-04, 118281
bobette.bednar@wintheiser-goodwin.test, 1992-07-02, 153909
emerson.konopelski@wiza.test, 1977-03-07, 140033
robby.lueilwitz@okon.test, 1971-01-11, 192120
herb.wisoky@ward.example, 1962-05-22, 122984
woodrow.schoen@wiza.example, 1984-09-20, 77299
tova.purdy@bartoletti.test, 1977-05-17, 130047
elizebeth.hyatt@jacobi.test, 2006-07-16, 151642
basil.bruen@klein.example, 2001-04-01, 133482
jeffry.kshlerin@stoltenberg-quitzon.test, 2007-02-24, 60744
dannie.grady@trantow.example, 1987-06-15, 95339
leticia.walsh@cummerata.example, 1975-12-22, 140707
buck.mohr@doyle-emard.example, 1976-05-22, 117188
loni.runte@larkin.test, 1997-05-08, 58414
orval.zulauf@donnelly.test, 2000-09-12, 67811
logan.treutel@herman.test, 1975-03-14, 77536
jacque.upton@crist.example, 1982-04-06, 136220
laree.schuster@goodwin-braun.example, 2006-09-10, 70912
elliott.bosco@howell.test, 2005-08-24, 81012
irvin.stehr@cormier.test, 1972-09-06, 139712
vaughn.terry@koch.example, 1973-05-13, 141471
sebastian.kreiger@okuneva-marquardt.test, 1988-01-07, 166880
stewart.jenkins@mcglynn.example, 1973-11-18, 198443
cristobal.becker@bartoletti.test, 1994-04-24, 88410
kieth.ruecker@stoltenberg-kozey.test, 1968-06-20, 137897
ariel.lebsack@collier.test, 1974-11-02, 103633
danita.roob@schinner.example, 2001-09-29, 88760
ellsworth.lueilwitz@little.example, 1975-10-05, 69351
pauletta.harber@labadie.test, 1982-12-21, 173815
edison.o'conner@russel.example, 1986-03-21, 173681
jamie.sauer@murazik.test, 1977-04-12, 66091
amie.gulgowski@brekke.test, 1988-12-29, 181511
mia.douglas@hermiston.test, 2000-12-25, 152472
katherine.stracke@ernser.example, 1985-02-01, 141864
williams.goyette@sipes.example, 1974-07-01, 105996
melissia.harber@moore-heidenreich.example, 2001-05-01, 50057
josette.thompson@cole-klein.test, 1965-06-30, 197365
kayleigh.bode@yundt.example, 1966-04-23, 198682
lionel.padberg@tremblay-will.test, 1997-06-15, 149461
patrick.d'amore@moen.example, 1968-11-04, 147250
micah.barrows@kilback-hilpert.example, 1967-01-10, 126837
nedra.howe@konopelski.example, 2007-07-22, 160680
anisha.torphy@paucek-donnelly.test, 1965-09-22, 169219
travis.steuber@kertzmann-hermann.test, 1970-09-17, 147074
winford.howe@volkman-cummings.test, 1979-10-04, 199518
marcy.hodkiewicz@kovacek-mills.example, 1981-08-06, 154037
sung.upton@beatty-wehner.example, 1983-07-09, 95622
elena.hermiston@feest.example, 1967-04-11, 81521
christopher.brown@kunde.example, 1969-03-10, 116351
earle.bins@nienow-gleichner.test, 1968-05-28, 186029
norman.lakin@torp.test, 1975-04-26, 141506
eugene.deckow@morissette.example, 1974-09-18, 121017
april.upton@langosh.test, 1975-05-09, 106915
geralyn.goodwin@stokes.example, 1971-11-13, 124477
bret.rice@boyle.test, 1993-07-16, 143860
georgina.marvin@ullrich-damore.test, 1986-08-06, 96089
chung.homenick@fay-haag.example, 1996-03-24, 135886
maria.keeling@halvorson.test, 2001-01-11, 115329
eulalia.watsica@nikolaus.test, 1962-08-07, 70309
buster.rempel@paucek-adams.example, 1994-09-06, 179517
lemuel.armstrong@hickle.example, 1967-12-06, 85768
lurlene.zboncak@schowalter-willms.test, 1976-10-23, 173257
salvatore.kozey@murazik-grimes.example, 1996-09-21, 120577
mechelle.fadel@mayert.example, 1960-12-13, 57444
lacy.gottlieb@schumm.test, 1995-10-24, 152482
joan.reichert@haag-strosin.test, 1999-03-10, 168496
phyllis.hirthe@bruen-sipes.example, 2003-08-16, 126563
stanton.cremin@heaney-moen.example, 1966-10-18, 91908
venita.champlin@hackett.test, 1971-03-16, 159734
awilda.rau@sanford.example, 1989-04-06, 113798
warren.becker@wisozk.test, 1966-02-05, 72253
rachele.kiehn@kassulke-muller.example, 2005-06-22, 130754
tameka.sporer@hamill-koepp.test, 1994-03-26, 75410
collin.cummings@hintz-hessel.example, 1962-08-07, 100613
henrietta.dubuque@romaguera-schoen.test, 1979-08-12, 172539
randy.williamson@mayert.test, 1990-05-12, 116325
jesse.hegmann@waelchi-herzog.example, 1997-06-28, 156808
nathan.mraz@feil.test, 1976-11-02, 182954
harry.bayer@larson.test, 1967-05-10, 130641
harlan.rodriguez@krajcik-gorczany.example, 1962-04-15, 110080
stormy.ritchie@robel-beatty.test, 1972-05-30, 193627
rosario.deckow@moore.test, 1963-11-03, 62666
bambi.jacobi@treutel.test, 1989-01-07, 119717
danilo.leuschke@jones.test, 1972-12-13, 51538
rosy.beatty@herzog.test, 2006-10-13, 162281
india.osinski@nienow.example, 1971-11-25, 79569
stephania.lehner@kuvalis-zemlak.example, 1982-09-24, 82232
valentin.bechtelar@douglas-mcdermott.test, 1993-07-12, 167584
brice.jast@hahn-kulas.test, 1998-12-28, 158092
daisey.mueller@sauer.example, 1983-01-27, 120735
cinderella.leannon@hansen.example, 1964-09-01, 181928
karly.olson@runolfsdottir-thiel.example, 1973-06-05, 128828
terry.funk@gibson-rempel.example, 1965-03-01, 157715
jere.conn@strosin-franecki.example, 1972-11-16, 104524
steven.mosciski@wilderman.example, 1994-10-02, 56397
janene.rath@schowalter.test, 1973-11-20, 168039
phung.thiel@howell.example, 2003-04-30, 199365
evon.fisher@ernser-dickinson.test, 1973-08-20, 160789
emmy.hahn@wiza.example, 1979-08-22, 165528
malcolm.murray@leannon-jaskolski.example, 1978-03-17, 175134
burt.frami@bins-carroll.example, 2005-01-08, 56760
kirk.dare@kulas-bartell.test, 1980-05-10, 188122
celinda.mcclure@kertzmann.test, 1981-09-18, 97449
jame.ratke@hodkiewicz.test, 1992-08-28, 85089
jeanmarie.nikolaus@krajcik.example, 1979-10-14, 125718
kareem.cremin@tromp.test, 1964-10-19, 116142
preston.wilderman@mante.test, 1966-08-07, 186909
elwanda.kulas@ullrich.test, 1993-01-26, 172689
marlin.schmidt@parker-lang.example, 1963-10-21, 127329
rosanna.schumm@barton.example, 1961-08-19, 128352
boyce.kemmer@schneider.example, 1996-10-07, 126393
kristen.balistreri@wisoky.test, 1974-02-21, 107336
adelina.hansen@dibbert-mayer.test, 2000-01-31, 61957
olen.shanahan@balistreri.test, 2002-03-05, 163510
shenika.ebert@yost.example, 1988-01-08, 152597
tammie.vandervort@oconnell.test, 1969-12-27, 141648
columbus.harris@gottlieb.test, 1977-09-09, 103431
sandy.stark@stark-schoen.test, 2006-09-04, 142126
kera.treutel@parisian-nader.example, 1969-08-05, 190397
krysten.kozey@davis-rogahn.test, 1961-04-13, 191790
dillon.kilback@grady.example, 2002-05-06, 92693
christopher.lakin@hoppe.example, 1969-07-07, 178621
samuel.christiansen@beer-torphy.example, 2002-01-05, 181568
clotilde.dach@welch.example, 1981-04-20, 167556
jan.mayert@dicki-marquardt.test, 1990-06-22, 81404
edmundo.hudson@koelpin-rutherford.test, 1997-09-07, 91911
stanton.roob@welch.test, 1989-08-25, 159445
claire.lowe@hayes.test, 2002-12-16, 120899
eugenio.carroll@conroy.example, 1992-10-25, 198518
hershel.stamm@cummings.test, 1979-08-01, 75402
marty.prosacco@stokes.example, 1962-03-01, 64783
ted.olson@ondricka-schimmel.test, 1962-04-08, 147697
lee.wisozk@wiegand-murazik.test, 1982-04-09, 66739
tuan.quigley@bernier.example, 1974-09-06, 144189
phil.langosh@zboncak.test, 1982-02-13, 98539
monte.conn@wolff.example, 1988-10-03, 84933
rolande.veum@volkman-hirthe.test, 1972-11-04, 133417
valene.kertzmann@kohler.example, 1985-03-28, 146848
delbert.wolff@nolan.test, 1999-05-21, 108954
kaylene.legros@runolfsson.example, 1974-02-19, 85119
clifford.fisher@torphy.example, 2003-02-18, 90181
lawanna.sipes@russel.example, 2001-09-17, 112955
lekisha.lemke@aufderhar-carroll.example, 2001-11-26, 66899
larae.o'connell@heller.test, 1996-11-21, 104501
miguelina.hermann@davis-connelly.test, 2007-01-20, 189017
kandis.jacobi@halvorson.example, 1963-04-29, 60258
sidney.daugherty@koss.example, 1996-02-08, 76447
mai.cassin@vandervort.example, 1979-11-05, 182741
star.o'reilly@barton.test, 2006-06-13, 185351
arturo.towne@wiza.example, 1971-06-28, 123642
andres.kihn@kirlin.example, 1978-05-26, 70473
anderson.dibbert@wilderman.example, 1969-03-09, 83326
zana.bashirian@block-macgyver.example, 2006-08-05, 164450
asa.ernser@quigley.example, 1973-07-04, 182840
omer.shields@johnston.test, 1985-08-07, 129924
aldo.ruecker@fisher.test, 1966-08-18, 118744
jodee.veum@heller.example, 2004-06-15, 133722
terry.kirlin@rolfson-howe.example, 1973-12-01, 73185
terrance.hand@schulist-lueilwitz.test, 1981-05-15, 160838
lorenza.walter@mante-medhurst.test, 1971-09-16, 113216
marvella.dicki@goodwin.example, 1967-01-10, 71433
tanja.langworth@mraz-kuhic.example, 1971-04-14, 120656
marsha.muller@west.example, 1978-06-16, 152432
paul.jacobson@dicki.example, 1998-07-10, 199376
chanelle.vandervort@bergnaum.example, 1970-02-16, 95744
joey.emard@prohaska.example, 1997-11-29, 86276
shala.jast@doyle.test, 2002-03-19, 152982
emanuel.miller@mueller.example, 1970-10-13, 189166
rolando.mills@cormier-crona.test, 1971-03-10, 96026
moises.considine@mclaughlin-brown.test, 1973-04-11, 170459
carlton.cartwright@hamill-bode.example, 2006-08-24, 96983
garnet.gulgowski@romaguera.example, 1969-12-06, 123712
donald.rau@sauer.test, 1989-03-31, 191583
reita.schaefer@klein.example, 1974-09-27, 75477
criselda.o'reilly@mccullough.test, 1962-12-03, 186836
frances.shields@koch-breitenberg.test, 1978-05-04, 168996
prince.rau@mueller.test, 1996-12-06, 90897
lamonica.christiansen@bode-koch.example, 1986-09-02, 100058
kermit.stoltenberg@rodriguez.example, 2005-11-17, 150340
dona.jast@sawayn.example, 1976-10-01, 58100
billi.zieme@parisian.test, 1971-08-04, 91716
numbers.rempel@moen.example, 1962-09-29, 190911
mario.keeling@langworth.test, 1991-02-18, 154872
sal.windler@lemke-paucek.example, 2000-09-30, 86902
les.kovacek@morissette-tillman.example, 1964-05-19, 184833
lynna.christiansen@howell.test, 1962-10-28, 186347
sabrina.schaden@wyman-kuphal.test, 1986-10-12, 52937
madlyn.cormier@harber-schuppe.test, 1999-12-29, 181450
manuel.lang@maggio.example, 1985-05-15, 81967
delbert.hoppe@walter.test, 1964-04-03, 159835
shawnna.reinger@ritchie.example, 1995-01-28, 119746
julius.smitham@quitzon.test, 1991-04-06, 123295
erick.murphy@schuppe.example, 1970-09-26, 81067
ernie.thompson@reilly.example, 1983-10-16, 75947
garland.hoppe@bechtelar.example, 2004-12-08, 162239
cordell.murazik@buckridge.example, 1978-03-19, 129586
luther.jenkins@weber-ondricka.example, 2001-12-02, 62275
bennie.parker@olson.example, 1993-04-12, 70548
theresia.runolfsdottir@osinski.example, 2004-12-07, 162552
dale.block@nitzsche.test, 1966-08-19, 185089
valentine.wiegand@rosenbaum-farrell.test, 1970-05-09, 62404
aileen.huel@koss-kuhlman.example, 1984-03-03, 58664
neoma.wyman@prosacco.example, 1968-11-18, 175558
mary.hackett@crona-christiansen.test, 1989-07-23, 86661
jarrett.schultz@jerde-glover.example, 1982-10-19, 90136
emery.wilkinson@mccullough.example, 1967-12-29, 137125
serita.huel@torp-rolfson.test, 1965-07-04, 73926
liana.jakubowski@koepp.example, 1997-07-10, 74750
tonita.deckow@hagenes.test, 1964-12-20, 106051
bridgette.schimmel@feeney.example, 1966-04-22, 59963
jewel.dickens@breitenberg.test, 1985-10-27, 151214
britt.fritsch@johns.test, 1971-08-12, 181392
mamie.kuvalis@lueilwitz.example, 1982-09-12, 162331
jayson.orn@leffler.test, 1986-09-03, 180995
caleb.raynor@boehm.example, 2007-09-03, 197426
hope.wilderman@morar-connelly.example, 1973-07-31, 117352
nita.schuster@cronin.test, 1984-03-28, 67707
boyce.hansen@emard-pouros.example, 1983-05-08, 83864
hiram.kreiger@sanford.test, 1966-12-31, 103388
anton.boyer@moore-ankunding.example, 2003-02-20, 164075
nakia.nicolas@strosin-durgan.test, 1990-07-19, 155554
tracey.barton@green.test, 2005-03-02, 163082
joey.ziemann@schmitt.example, 1986-05-07, 139194
yvone.osinski@mertz.example, 1968-06-30, 88076
santiago.jaskolski@king-gutkowski.test, 1993-08-23, 80093
burton.miller@nolan.test, 2000-12-20, 183903
roseline.willms@abbott.test, 2000-08-18, 101151
otha.keeling@powlowski.test, 1961-10-19, 167747
joanna.willms@daugherty.example, 1992-10-13, 143147
isaias.o'connell@kutch-batz.example, 1969-01-29, 69225
jeremy.schiller@prosacco.test, 1980-06-13, 50916
celestine.schroeder@zboncak.test, 2005-02-02, 146295
sona.bruen@runolfsson-fay.example, 1987-03-02, 85747
brian.homenick@kub-herman.example, 1976-07-18, 174096
patricia.howell@schuster.test, 1997-03-30, 190872
jasmin.sauer@abshire-kshlerin.test, 1997-10-19, 192365
noreen.vonrueden@kessler.example, 1968-09-28, 191469
ross.buckridge@hodkiewicz.example, 1996-07-21, 130868
emmanuel.simonis@corwin-schamberger.test, 1987-10-25, 86764
corey.koss@kautzer.example, 1996-06-29, 150632
paulita.trantow@kozey-kautzer.test, 1969-12-03, 178788
andrea.green@kerluke-reynolds.example, 1996-10-20, 168585
dwight.wehner@huels.test, 1993-03-03, 184415
isidro.treutel@nienow.test, 1970-07-10, 179952
amy.will@casper.test, 1998-06-13, 50716
ralph.hoppe@shanahan.test, 1982-02-01, 152947
conchita.jast@larkin-stoltenberg.example, 1999-01-08, 186342
dan.block@fay-hudson.example, 2000-01-03, 160330
theresa.thiel@jenkins-kulas.example, 1963-08-14, 150422
josef.rice@green-toy.test, 1982-10-24, 174612
svetlana.schaefer@ullrich.example, 1978-04-25, 132152
shaun.stoltenberg@shanahan.test, 1984-12-26, 124326
isabella.fahey@spinka.test, 1980-07-30, 121534
luke.graham@kuhic.test, 1966-03-21, 172254
roman.collins@brown-smitham.test, 1969-12-18, 128314
abdul.wyman@lindgren.test, 1961-07-07, 154164
richie.wuckert@macgyver.example, 1988-09-07, 61101
cornell.dietrich@crona.test, 1974-10-15, 54756
arnulfo.mills@kessler.test, 1986-06-22, 53303
claude.jast@quitzon.test, 2005-05-22, 152633
erasmo.schmeler@ledner.test, 1973-05-14, 134100
joshua.simonis@wolf-reichert.example, 2004-07-27, 73015
jodie.littel@conn.test, 2001-01-13, 78322
cassi.hills@trantow.example, 1965-06-03, 83722
milo.mohr@zemlak.example, 1989-03-18, 53846
haywood.gusikowski@ruecker.example, 2002-06-08, 63949
jasper.shanahan@gleichner.test, 1968-04-06, 171080
